[
  {
    "model": "core.zakaznik",
    "pk": 1,
    "fields": {
      "jmeno": "Novak Interier",
      "email": "kontakt@novak.cz",
      "telefon": "+420777111222",
      "poznamka": "Hlavní klient"
    }
  },
  {
    "model": "core.zakaznik",
    "pk": 2,
    "fields": {
      "jmeno": "Design Studio",
      "email": "info@design.cz",
      "telefon": "+420777333444",
      "poznamka": ""
    }
  },
  {
    "model": "core.projekt",
    "pk": 1,
    "fields": {
      "zakaznik": 1,
      "nazev": "Kuchyne Horak",
      "faze": "navrh",
      "adresa": "Litvínovice 12",
      "termin": null
    }
  },
  {
    "model": "core.projekt",
    "pk": 2,
    "fields": {
      "zakaznik": 2,
      "nazev": "Montaz Office",
      "faze": "montaz",
      "adresa": "Praha 5",
      "termin": null
    }
  },
  {
    "model": "core.faktura",
    "pk": 1,
    "fields": {
      "projekt": 1,
      "cislo": "2025/001",
      "castka": "25000.00",
      "zaplaceno": false,
      "vystavena": "2025-10-01"
    }
  }
]